name,country,lat,lng,popular
Paris,FR,48.8566,2.3522,1
London,GB,51.5074,-0.1278,1
Barcelona,ES,41.3874,2.1686,1
Madrid,ES,40.4168,-3.7038,1
Rome,IT,41.9028,12.4964,1
Milan,IT,45.4642,9.1900,1
Florence,IT,43.7696,11.2558,1
Venice,IT,45.4408,12.3155,1
Naples,IT,40.8518,14.2681,1
Amsterdam,NL,52.3676,4.9041,1
Berlin,DE,52.5200,13.4050,1
Munich,DE,48.1351,11.5820,1
Hamburg,DE,53.5511,9.9937,0
Frankfurt,DE,50.1109,8.6821,0
Vienna,AT,48.2082,16.3738,1
Prague,CZ,50.0755,14.4378,1
Budapest,HU,47.4979,19.0402,1
Lisbon,PT,38.7223,-9.1393,1
Porto,PT,41.1579,-8.6291,1
Athens,GR,37.9838,23.7275,1
Santorini,GR,36.3932,25.4615,1
Mykonos,GR,37.4467,25.3289,1
Crete,GR,35.2401,24.4691,1
Istanbul,TR,41.0082,28.9784,1
Antalya,TR,36.8969,30.7133,1
Cappadocia,TR,38.6431,34.8289,1
Dubai,AE,25.2048,55.2708,1
Abu Dhabi,AE,24.4539,54.3773,0
Tokyo,JP,35.6762,139.6503,1
Kyoto,JP,35.0116,135.7681,1
Osaka,JP,34.6937,135.5023,1
Nara,JP,34.6851,135.8048,0
Hiroshima,JP,34.3853,132.4553,0
Seoul,KR,37.5665,126.9780,1
Busan,KR,35.1796,129.0756,0
Beijing,CN,39.9042,116.4074,1
Shanghai,CN,31.2304,121.4737,1
Hong Kong,HK,22.3193,114.1694,1
Taipei,TW,25.0330,121.5654,1
Bangkok,TH,13.7563,100.5018,1
Chiang Mai,TH,18.7883,98.9853,1
Phuket,TH,7.8804,98.3923,1
Krabi,TH,8.0863,98.9063,0
Singapore,SG,1.3521,103.8198,1
Bali,ID,-8.3405,115.0920,1
Jakarta,ID,-6.2088,106.8456,0
Kuala Lumpur,MY,3.1390,101.6869,1
Hanoi,VN,21.0278,105.8342,1
Ho Chi Minh City,VN,10.8231,106.6297,1
Da Nang,VN,16.0544,108.2022,0
Phnom Penh,KH,11.5564,104.9282,0
Siem Reap,KH,13.3633,103.8564,1
Manila,PH,14.5995,120.9842,0
Cebu,PH,10.3157,123.8854,0
New Delhi,IN,28.6139,77.2090,1
Mumbai,IN,19.0760,72.8777,1
Jaipur,IN,26.9124,75.7873,1
Goa,IN,15.2993,74.1240,1
Agra,IN,27.1767,78.0081,0
Colombo,LK,6.9271,79.8612,0
Kathmandu,NP,27.7172,85.3240,1
Tbilisi,GE,41.7151,44.8271,1
Batumi,GE,41.6168,41.6367,0
Yerevan,AM,40.1792,44.4991,0
New York,US,40.7128,-74.0060,1
Los Angeles,US,34.0522,-118.2437,1
San Francisco,US,37.7749,-122.4194,1
Miami,US,25.7617,-80.1918,1
Chicago,US,41.8781,-87.6298,1
Las Vegas,US,36.1699,-115.1398,1
Washington DC,US,38.9072,-77.0369,0
Boston,US,42.3601,-71.0589,0
Seattle,US,47.6062,-122.3321,0
New Orleans,US,29.9511,-90.0715,0
Honolulu,US,21.3069,-157.8583,1
Toronto,CA,43.6532,-79.3832,1
Vancouver,CA,49.2827,-123.1207,1
Montreal,CA,45.5017,-73.5673,0
Mexico City,MX,19.4326,-99.1332,1
Cancun,MX,21.1619,-86.8515,1
Playa del Carmen,MX,20.6296,-87.0739,0
Havana,CU,23.1136,-82.3666,1
Buenos Aires,AR,34.6037,-58.3816,1
Santiago,CL,-33.4489,-70.6693,1
Lima,PE,-12.0464,-77.0428,1
Cusco,PE,-13.5320,-71.9675,1
Bogota,CO,4.7110,-74.0721,0
Cartagena,CO,10.3910,-75.5364,1
Medellin,CO,6.2442,-75.5812,1
Rio de Janeiro,BR,-22.9068,-43.1729,1
Sao Paulo,BR,-23.5505,-46.6333,0
Salvador,BR,-12.9714,-38.5124,0
Quito,EC,-0.1807,-78.4678,0
Montevideo,UY,-34.9011,-56.1645,0
Cairo,EG,30.0444,31.2357,1
Luxor,EG,25.6872,32.6396,1
Marrakech,MA,31.6295,-7.9811,1
Fez,MA,34.0181,-5.0078,0
Chefchaouen,MA,35.1688,-5.2636,0
Cape Town,ZA,-33.9249,18.4241,1
Johannesburg,ZA,-26.2041,28.0473,0
Nairobi,KE,-1.2921,36.8219,1
Zanzibar,TZ,-6.1659,39.2026,1
Casablanca,MA,33.5731,-7.5898,0
Accra,GH,5.6037,-0.1870,0
Dakar,SN,14.7167,-17.4677,0
Kigali,RW,-1.9403,29.8739,0
Sydney,AU,-33.8688,151.2093,1
Melbourne,AU,-37.8136,144.9631,1
Auckland,NZ,-36.8485,174.7633,1
Queenstown,NZ,-45.0312,168.6626,1
Fiji,FJ,-17.7134,178.0650,0
Kyiv,UA,50.4501,30.5234,1
Lviv,UA,49.8397,24.0297,1
Odesa,UA,46.4825,30.7233,0
Warsaw,PL,52.2297,21.0122,1
Krakow,PL,50.0647,19.9450,1
Gdansk,PL,54.3520,18.6466,0
Wroclaw,PL,51.1079,17.0385,0
Bucharest,RO,44.4268,26.1025,0
Cluj-Napoca,RO,46.7712,23.6236,0
Brasov,RO,45.6427,25.5887,0
Sofia,BG,42.6977,23.3219,0
Plovdiv,BG,42.1354,24.7453,0
Belgrade,RS,44.7866,20.4489,0
Dubrovnik,HR,42.6507,18.0944,1
Split,HR,43.5081,16.4402,1
Zagreb,HR,45.8150,15.9819,0
Ljubljana,SI,46.0569,14.5058,0
Bratislava,SK,48.1486,17.1077,0
Tallinn,EE,59.4370,24.7536,1
Riga,LV,56.9496,24.1052,0
Vilnius,LT,54.6872,25.2797,0
Helsinki,FI,60.1699,24.9384,1
Stockholm,SE,59.3293,18.0686,1
Copenhagen,DK,55.6761,12.5683,1
Oslo,NO,59.9139,10.7522,0
Reykjavik,IS,64.1466,-21.9426,1
Edinburgh,GB,55.9533,-3.1883,1
Dublin,IE,53.3498,-6.2603,1
Brussels,BE,50.8503,4.3517,0
Bruges,BE,51.2093,3.2247,1
Zurich,CH,47.3769,8.5417,0
Geneva,CH,46.2044,6.1432,0
Interlaken,CH,46.6863,7.8632,1
Nice,FR,43.7102,7.2620,1
Lyon,FR,45.7640,4.8357,0
Marseille,FR,43.2965,5.3698,0
Bordeaux,FR,44.8378,-0.5792,0
Strasbourg,FR,48.5734,7.7521,0
Seville,ES,37.3891,-5.9845,1
Valencia,ES,39.4699,-0.3763,0
Granada,ES,37.1773,-3.5986,1
Malaga,ES,36.7213,-4.4214,0
Palma de Mallorca,ES,39.5696,2.6502,0
Tenerife,ES,28.2916,-16.6291,0
Maldives,MV,3.2028,73.2207,1
Mauritius,MU,-20.3484,57.5522,1
Amman,JO,31.9454,35.9284,0
Petra,JO,30.3285,35.4444,1
Tel Aviv,IL,32.0853,34.7818,1
Jerusalem,IL,31.7683,35.2137,1
Muscat,OM,23.5880,58.3829,0
Doha,QA,25.2854,51.5310,0
Monaco,MC,43.7384,7.4246,0
Malta,MT,35.9375,14.3754,1
Montenegro,ME,42.4304,19.2594,0
Tirana,AL,41.3275,19.8187,0
